year,iso_week,week_first_session,week_last_session,rebalance_dates,forced_exit_dates,week_end_source_signal_date,gross_target,cash_target,position_count,held_at_week_end,target_weights_at_week_end,constituent_snapshot_date,tradable_constituent_count
2017,1,2017-01-03,2017-01-06,2017-01-03,,2016-12-30,1.0,0.0,5,FCX | HAR | LNC | NVDA | RF,FCX:0.2000000000 | HAR:0.2000000000 | LNC:0.2000000000 | NVDA:0.2000000000 | RF:0.2000000000,2017-01-06,491
2017,2,2017-01-09,2017-01-13,2017-01-10,,2017-01-09,1.0,0.0,5,FCX | HAR | LNC | NVDA | RF,FCX:0.2000000000 | HAR:0.2000000000 | LNC:0.2000000000 | NVDA:0.2000000000 | RF:0.2000000000,2017-01-13,491
2017,3,2017-01-17,2017-01-20,2017-01-18,,2017-01-17,1.0,0.0,5,FCX | HAR | NVDA | RF | RIG,FCX:0.2000000000 | HAR:0.2000000000 | NVDA:0.2000000000 | RF:0.2000000000 | RIG:0.2000000000,2017-01-20,491
2017,4,2017-01-23,2017-01-27,2017-01-25,,2017-01-24,1.0,0.0,5,FCX | HAR | NVDA | RF | RIG,FCX:0.2000000000 | HAR:0.2000000000 | NVDA:0.2000000000 | RF:0.2000000000 | RIG:0.2000000000,2017-01-27,491
2017,5,2017-01-30,2017-02-03,2017-02-01,,2017-01-31,1.0,0.0,5,HAR | NVDA | RF | RIG | URI,HAR:0.2000000000 | NVDA:0.2000000000 | RF:0.2000000000 | RIG:0.2000000000 | URI:0.2000000000,2017-02-03,491
2017,6,2017-02-06,2017-02-10,2017-02-08,,2017-02-07,1.0,0.0,5,CF | HAR | NVDA | RIG | URI,CF:0.2000000000 | HAR:0.2000000000 | NVDA:0.2000000000 | RIG:0.2000000000 | URI:0.2000000000,2017-02-06,491
2017,7,2017-02-13,2017-02-17,2017-02-15,,2017-02-14,1.0,0.0,5,CF | CHK | HAR | NRG | RIG,CF:0.2000000000 | CHK:0.2000000000 | HAR:0.2000000000 | NRG:0.2000000000 | RIG:0.2000000000,2017-02-16,491
2017,8,2017-02-21,2017-02-24,2017-02-23,,2017-02-22,1.0,0.0,5,CF | CSX | ILMN | NRG | RIG,CF:0.2000000000 | CSX:0.2000000000 | ILMN:0.2000000000 | NRG:0.2000000000 | RIG:0.2000000000,2017-02-24,491
2017,9,2017-02-27,2017-03-03,2017-03-02,,2017-03-01,1.0,0.0,5,CF | CSX | ILMN | NRG | RIG,CF:0.2000000000 | CSX:0.2000000000 | ILMN:0.2000000000 | NRG:0.2000000000 | RIG:0.2000000000,2017-03-03,491
2017,10,2017-03-06,2017-03-10,2017-03-09,,2017-03-08,1.0,0.0,5,CF | CSX | ILMN | NRG | NVDA,CF:0.2000000000 | CSX:0.2000000000 | ILMN:0.2000000000 | NRG:0.2000000000 | NVDA:0.2000000000,2017-03-10,491
2017,11,2017-03-13,2017-03-17,2017-03-16,,2017-03-15,1.0,0.0,5,CF | CSX | ILMN | NRG | NVDA,CF:0.2000000000 | CSX:0.2000000000 | ILMN:0.2000000000 | NRG:0.2000000000 | NVDA:0.2000000000,2017-03-17,491
2017,12,2017-03-20,2017-03-24,2017-03-23,,2017-03-22,1.0,0.0,5,AMD | CNC | CSX | ILMN | NRG,AMD:0.2000000000 | CNC:0.2000000000 | CSX:0.2000000000 | ILMN:0.2000000000 | NRG:0.2000000000,2017-03-22,491
2017,13,2017-03-27,2017-03-31,2017-03-30,,2017-03-29,1.0,0.0,5,AMD | CSX | ILMN | INCY | NRG,AMD:0.2000000000 | CSX:0.2000000000 | ILMN:0.2000000000 | INCY:0.2000000000 | NRG:0.2000000000,2017-03-30,491
2017,14,2017-04-03,2017-04-07,2017-04-06,,2017-04-05,1.0,0.0,5,ATVI | CSX | ILMN | INCY | NRG,ATVI:0.2000000000 | CSX:0.2000000000 | ILMN:0.2000000000 | INCY:0.2000000000 | NRG:0.2000000000,2017-04-06,491
2017,15,2017-04-10,2017-04-13,2017-04-13,,2017-04-12,1.0,0.0,5,AMD | ATVI | CSX | INCY | NRG,AMD:0.2000000000 | ATVI:0.2000000000 | CSX:0.2000000000 | INCY:0.2000000000 | NRG:0.2000000000,2017-04-11,491
2017,16,2017-04-17,2017-04-21,2017-04-21,,2017-04-20,1.0,0.0,5,AMD | ATVI | INCY | NRG | WYNN,AMD:0.2000000000 | ATVI:0.2000000000 | INCY:0.2000000000 | NRG:0.2000000000 | WYNN:0.2000000000,2017-04-20,491
2017,17,2017-04-24,2017-04-28,2017-04-28,,2017-04-27,1.0,0.0,5,AMD | ATVI | INCY | MU | WYNN,AMD:0.2000000000 | ATVI:0.2000000000 | INCY:0.2000000000 | MU:0.2000000000 | WYNN:0.2000000000,2017-04-25,491
2017,18,2017-05-01,2017-05-05,2017-05-05,,2017-05-04,1.0,0.0,5,AMD | ATVI | INCY | MU | WYNN,AMD:0.2000000000 | ATVI:0.2000000000 | INCY:0.2000000000 | MU:0.2000000000 | WYNN:0.2000000000,2017-05-03,491
2017,19,2017-05-08,2017-05-12,2017-05-12,,2017-05-11,1.0,0.0,5,ATVI | INCY | MU | VRTX | WYNN,ATVI:0.2000000000 | INCY:0.2000000000 | MU:0.2000000000 | VRTX:0.2000000000 | WYNN:0.2000000000,2017-05-03,491
2017,20,2017-05-15,2017-05-19,2017-05-19,,2017-05-18,1.0,0.0,5,FMC | HRB | MU | VRTX | WYNN,FMC:0.2000000000 | HRB:0.2000000000 | MU:0.2000000000 | VRTX:0.2000000000 | WYNN:0.2000000000,2017-05-19,491
2017,21,2017-05-22,2017-05-26,2017-05-26,,2017-05-25,1.0,0.0,5,FMC | HRB | MU | VRTX | WYNN,FMC:0.2000000000 | HRB:0.2000000000 | MU:0.2000000000 | VRTX:0.2000000000 | WYNN:0.2000000000,2017-05-23,491
2017,22,2017-05-30,2017-06-02,,,2017-05-25,1.0,0.0,5,FMC | HRB | MU | VRTX | WYNN,FMC:0.2000000000 | HRB:0.2000000000 | MU:0.2000000000 | VRTX:0.2000000000 | WYNN:0.2000000000,2017-06-02,491
2017,23,2017-06-05,2017-06-09,2017-06-05,,2017-06-02,1.0,0.0,5,BCR | FMC | HRB | VRTX | WYNN,BCR:0.2000000000 | FMC:0.2000000000 | HRB:0.2000000000 | VRTX:0.2000000000 | WYNN:0.2000000000,2017-06-07,491
2017,24,2017-06-12,2017-06-16,2017-06-12,,2017-06-09,1.0,0.0,5,BCR | FMC | NVDA | VRTX | WYNN,BCR:0.2000000000 | FMC:0.2000000000 | NVDA:0.2000000000 | VRTX:0.2000000000 | WYNN:0.2000000000,2017-06-16,490
2017,25,2017-06-19,2017-06-23,2017-06-19,,2017-06-16,1.0,0.0,5,BCR | FMC | NVDA | VRTX | WFM,BCR:0.2000000000 | FMC:0.2000000000 | NVDA:0.2000000000 | VRTX:0.2000000000 | WFM:0.2000000000,2017-06-23,492
2017,26,2017-06-26,2017-06-30,2017-06-26,,2017-06-23,1.0,0.0,5,BCR | FMC | NVDA | VRTX | WFM,BCR:0.2000000000 | FMC:0.2000000000 | NVDA:0.2000000000 | VRTX:0.2000000000 | WFM:0.2000000000,2017-06-26,492
2017,27,2017-07-03,2017-07-07,2017-07-03,,2017-06-30,1.0,0.0,5,ADSK | BBY | BCR | NVDA | WFM,ADSK:0.2000000000 | BBY:0.2000000000 | BCR:0.2000000000 | NVDA:0.2000000000 | WFM:0.2000000000,2017-07-07,493
2017,28,2017-07-10,2017-07-14,2017-07-11,,2017-07-10,1.0,0.0,5,ADSK | BBY | BCR | NVDA | REGN,ADSK:0.2000000000 | BBY:0.2000000000 | BCR:0.2000000000 | NVDA:0.2000000000 | REGN:0.2000000000,2017-07-14,493
2017,29,2017-07-17,2017-07-21,2017-07-18,,2017-07-17,1.0,0.0,5,ADSK | BBY | BCR | NVDA | REGN,ADSK:0.2000000000 | BBY:0.2000000000 | BCR:0.2000000000 | NVDA:0.2000000000 | REGN:0.2000000000,2017-07-20,493
2017,30,2017-07-24,2017-07-28,2017-07-25,,2017-07-24,1.0,0.0,5,ATVI | HRB | MU | NVDA | REGN,ATVI:0.2000000000 | HRB:0.2000000000 | MU:0.2000000000 | NVDA:0.2000000000 | REGN:0.2000000000,2017-07-28,493
2017,31,2017-07-31,2017-08-04,2017-08-01,,2017-07-31,1.0,0.0,5,HRB | MU | NVDA | REGN | WFM,HRB:0.2000000000 | MU:0.2000000000 | NVDA:0.2000000000 | REGN:0.2000000000 | WFM:0.2000000000,2017-08-01,494
2017,32,2017-08-07,2017-08-11,2017-08-08,,2017-08-07,1.0,0.0,5,AMD | HRB | NVDA | REGN | WFM,AMD:0.2000000000 | HRB:0.2000000000 | NVDA:0.2000000000 | REGN:0.2000000000 | WFM:0.2000000000,2017-08-11,494
2017,33,2017-08-14,2017-08-18,2017-08-15,,2017-08-14,1.0,0.0,5,AMD | HRB | NRG | NVDA | WFM,AMD:0.2000000000 | HRB:0.2000000000 | NRG:0.2000000000 | NVDA:0.2000000000 | WFM:0.2000000000,2017-08-17,494
2017,34,2017-08-21,2017-08-25,2017-08-22,,2017-08-21,1.0,0.0,5,AMD | HRB | NRG | NVDA | WFM,AMD:0.2000000000 | HRB:0.2000000000 | NRG:0.2000000000 | NVDA:0.2000000000 | WFM:0.2000000000,2017-08-17,494
2017,35,2017-08-28,2017-09-01,2017-08-29,2017-08-28,2017-08-28,1.0,0.0,5,ALXN | AMD | NRG | SIG | VRTX,ALXN:0.2000000000 | AMD:0.2000000000 | NRG:0.2000000000 | SIG:0.2000000000 | VRTX:0.2000000000,2017-09-01,493
2017,36,2017-09-05,2017-09-08,2017-09-06,,2017-09-05,1.0,0.0,5,ALXN | CF | FCX | NRG | VRTX,ALXN:0.2000000000 | CF:0.2000000000 | FCX:0.2000000000 | NRG:0.2000000000 | VRTX:0.2000000000,2017-09-05,493
2017,37,2017-09-11,2017-09-15,2017-09-13,,2017-09-12,1.0,0.0,5,ALXN | FCX | KORS | NRG | VRTX,ALXN:0.2000000000 | FCX:0.2000000000 | KORS:0.2000000000 | NRG:0.2000000000 | VRTX:0.2000000000,2017-09-14,492
2017,38,2017-09-18,2017-09-22,2017-09-20,,2017-09-19,1.0,0.0,5,ALXN | FCX | KORS | NRG | VRTX,ALXN:0.2000000000 | FCX:0.2000000000 | KORS:0.2000000000 | NRG:0.2000000000 | VRTX:0.2000000000,2017-09-22,493
2017,39,2017-09-25,2017-09-29,2017-09-27,,2017-09-26,1.0,0.0,5,FCX | KORS | NRG | RL | VRTX,FCX:0.2000000000 | KORS:0.2000000000 | NRG:0.2000000000 | RL:0.2000000000 | VRTX:0.2000000000,2017-09-22,493
2017,40,2017-10-02,2017-10-06,2017-10-04,,2017-10-03,1.0,0.0,5,FCX | KORS | NRG | RL | VRTX,FCX:0.2000000000 | KORS:0.2000000000 | NRG:0.2000000000 | RL:0.2000000000 | VRTX:0.2000000000,2017-10-06,493
2017,41,2017-10-09,2017-10-13,2017-10-11,,2017-10-10,1.0,0.0,5,FCX | KORS | RL | TSCO | VRTX,FCX:0.2000000000 | KORS:0.2000000000 | RL:0.2000000000 | TSCO:0.2000000000 | VRTX:0.2000000000,2017-10-13,493
2017,42,2017-10-16,2017-10-20,2017-10-18,,2017-10-17,1.0,0.0,5,GPS | KORS | PRGO | RL | TSCO,GPS:0.2000000000 | KORS:0.2000000000 | PRGO:0.2000000000 | RL:0.2000000000 | TSCO:0.2000000000,2017-10-20,496
2017,43,2017-10-23,2017-10-27,2017-10-25,,2017-10-24,1.0,0.0,5,CF | GPS | KORS | RL | TSCO,CF:0.2000000000 | GPS:0.2000000000 | KORS:0.2000000000 | RL:0.2000000000 | TSCO:0.2000000000,2017-10-23,493
2017,44,2017-10-30,2017-11-03,2017-11-01,,2017-10-31,1.0,0.0,5,CF | GPS | KORS | MU | RL,CF:0.2000000000 | GPS:0.2000000000 | KORS:0.2000000000 | MU:0.2000000000 | RL:0.2000000000,2017-11-02,494
2017,45,2017-11-06,2017-11-10,2017-11-08,,2017-11-07,1.0,0.0,5,GPS | MU | MYL | PRGO | RRC,GPS:0.2000000000 | MU:0.2000000000 | MYL:0.2000000000 | PRGO:0.2000000000 | RRC:0.2000000000,2017-11-10,494
2017,46,2017-11-13,2017-11-17,2017-11-15,,2017-11-14,1.0,0.0,5,CF | GPS | MRO | MU | MYL,CF:0.2000000000 | GPS:0.2000000000 | MRO:0.2000000000 | MU:0.2000000000 | MYL:0.2000000000,2017-11-10,495
2017,47,2017-11-20,2017-11-24,2017-11-22,,2017-11-21,1.0,0.0,5,CF | MU | MYL | SIG | STX,CF:0.2000000000 | MU:0.2000000000 | MYL:0.2000000000 | SIG:0.2000000000 | STX:0.2000000000,2017-11-22,495
2017,48,2017-11-27,2017-12-01,2017-11-30,,2017-11-29,1.0,0.0,5,ALGN | CF | MRO | MU | MYL,ALGN:0.2000000000 | CF:0.2000000000 | MRO:0.2000000000 | MU:0.2000000000 | MYL:0.2000000000,2017-11-30,495
2017,49,2017-12-04,2017-12-08,2017-12-07,,2017-12-06,1.0,0.0,5,ALGN | KORS | LB | MRO | MU,ALGN:0.2000000000 | KORS:0.2000000000 | LB:0.2000000000 | MRO:0.2000000000 | MU:0.2000000000,2017-12-06,496
2017,50,2017-12-11,2017-12-15,2017-12-14,,2017-12-13,1.0,0.0,5,ALGN | KORS | LB | MRO | MU,ALGN:0.2000000000 | KORS:0.2000000000 | LB:0.2000000000 | MRO:0.2000000000 | MU:0.2000000000,2017-12-14,496
2017,51,2017-12-18,2017-12-22,2017-12-21,,2017-12-20,1.0,0.0,5,ALGN | KORS | LB | MAT | MU,ALGN:0.2000000000 | KORS:0.2000000000 | LB:0.2000000000 | MAT:0.2000000000 | MU:0.2000000000,2017-12-14,496
2017,52,2017-12-26,2017-12-29,2017-12-29,,2017-12-28,1.0,0.0,5,ALGN | KORS | LB | MAT | MU,ALGN:0.2000000000 | KORS:0.2000000000 | LB:0.2000000000 | MAT:0.2000000000 | MU:0.2000000000,2017-12-29,495
