trial_id,category,family,parameters,metric_scope,train_alpha,validation_alpha,recent_alpha,lower_validation_alpha,validation_turnover,recent_turnover,validation_max_drawdown,recent_max_drawdown,coverage_validation,coverage_recent,walkforward_median_alpha,walkforward_p20_alpha,status,notes
T001,baseline,all_cash,gross=0,selection,0,0,0,0.0,0,0,0,0,0,0,0,0,baseline,coverage failure
T002,baseline,equal_weight_universe,all tradable names; benchmark comparator,selection,0.0527,0.0537,0.0699,0.0537,1.23,1.41,0.314,0.196,1,1,,,baseline,not a locked-rule candidate because it holds about 100 names
T003,family_screen,momentum,"lb=21,skip=0,n=10",selection,0.0506,0.046,0.1752,0.046,45.38,43.0,0.27,0.265,1,1,0.0899,-0.041,rejected,broad economically distinct screen
T004,family_screen,momentum,"lb=63,skip=0,n=10",selection,0.107,0.1328,0.0925,0.0925,29.04,27.73,0.301,0.286,1,1,0.078,-0.01,rejected,broad economically distinct screen
T005,family_screen,momentum,"lb=63,skip=5,n=10",selection,0.1161,0.1626,0.1361,0.1361,29.55,26.99,0.303,0.31,1,1,0.0984,0.0072,rejected,broad economically distinct screen
T006,family_screen,momentum,"lb=126,skip=0,n=10",selection,0.1312,0.121,0.0912,0.0912,20.91,19.71,0.318,0.323,1,1,0.0585,-0.0377,rejected,broad economically distinct screen
T007,family_screen,momentum,"lb=126,skip=5,n=10",selection,0.1325,0.1361,0.1695,0.1361,20.69,20.64,0.336,0.329,1,1,0.1421,-0.0348,rejected,broad economically distinct screen
T008,family_screen,momentum,"lb=126,skip=21,n=10",selection,0.0956,0.1804,0.0309,0.0309,21.13,22.74,0.315,0.363,1,1,0.0254,-0.0494,rejected,broad economically distinct screen
T009,family_screen,momentum,"lb=189,skip=10,n=10",selection,0.1457,0.1618,0.1905,0.1618,16.51,18.48,0.342,0.277,1,1,0.1285,-0.0007,rejected,broad economically distinct screen
T010,family_screen,momentum,"lb=252,skip=0,n=10",selection,0.084,0.0651,0.2151,0.0651,16.84,12.81,0.354,0.305,1,0.986,0.0997,-0.0469,rejected,broad economically distinct screen
T011,family_screen,momentum,"lb=252,skip=21,n=10",selection,0.0755,0.1213,0.1749,0.1213,16.93,14.35,0.339,0.341,1,0.986,0.0925,0.01,rejected,broad economically distinct screen
T012,family_screen,momentum,"lb=126,skip=5,n=5",selection,0.1669,0.2192,0.1991,0.1991,24.54,21.54,0.382,0.413,1,1,0.1041,-0.0979,rejected,broad economically distinct screen
T013,family_screen,momentum,"lb=252,skip=21,n=5",selection,0.1191,0.2218,0.3564,0.2218,17.22,14.8,0.378,0.448,1,0.986,0.1184,-0.0261,rejected,broad economically distinct screen
T014,family_screen,rank_blend_momentum,"lb=63/126,weights=.5/.5,skip=5,n=10",selection,0.1236,0.1845,0.1326,0.1326,25.4,25.73,0.318,0.292,1,1,0.0836,-0.0112,rejected,broad economically distinct screen
T015,family_screen,rank_blend_momentum,"lb=63/126/252,weights=.3/.4/.3,skip=5,n=10",selection,0.1211,0.1128,0.1551,0.1128,22.97,21.79,0.336,0.272,1,0.986,0.1086,-0.0114,rejected,broad economically distinct screen
T016,family_screen,rank_blend_momentum,"lb=126/252,weights=.5/.5,skip=10,n=10",selection,0.1245,0.0891,0.1752,0.0891,19.39,19.76,0.348,0.304,1,0.986,0.0968,-0.0077,rejected,broad economically distinct screen
T017,family_screen,risk_adjusted_momentum,"lb=126,skip=5,vol=63,n=10",selection,0.0911,0.0977,0.097,0.097,22.76,22.98,0.303,0.258,1,1,0.077,-0.0374,rejected,broad economically distinct screen
T018,family_screen,risk_adjusted_momentum,"lb=252,skip=21,vol=63,n=10",selection,0.0731,0.1203,0.2101,0.1203,18.75,17.96,0.32,0.247,1,0.986,0.0714,0.0024,rejected,broad economically distinct screen
T019,family_screen,low_volatility,"vol_lb=63,n=10",selection,0.0594,0.0545,0.0009,0.0009,12.63,15.49,0.24,0.134,1,1,0.0574,0.0236,rejected,broad economically distinct screen
T020,family_screen,low_volatility,"vol_lb=126,n=10",selection,0.0597,0.0255,0.0361,0.0255,6.98,8.91,0.244,0.116,1,1,0.0376,0.0275,rejected,broad economically distinct screen
T021,family_screen,short_reversal,"lb=5,n=10",selection,0.0063,0.0755,0.1578,0.0755,89.03,90.48,0.326,0.273,1,1,0.0207,-0.037,rejected,broad economically distinct screen
T022,family_screen,short_reversal,"lb=21,n=10",selection,-0.0109,0.0408,0.1032,0.0408,48.88,48.24,0.378,0.265,1,1,0.0517,-0.027,rejected,broad economically distinct screen
T023,family_screen,near_high,"high_lb=126,n=10",selection,0.0324,0.0233,0.1144,0.0233,55.43,60.57,0.303,0.187,0.835,0.9,0.0526,-0.0425,rejected,broad economically distinct screen
T024,family_screen,momentum_low_vol_blend,"mom_lb=126,skip=5,vol=63,weights=.6/.4,n=10",selection,0.0471,0.0432,-0.0001,-0.0001,23.05,24.69,0.307,0.195,1,1,0.0255,-0.0034,rejected,broad economically distinct screen
T025,family_screen,beta_residual_momentum,"lb=126,skip=5,beta_lb=126,n=10",selection,0.1447,0.1607,0.1605,0.1605,20.58,19.63,0.278,0.316,1,1,0.158,0.0069,rejected,broad economically distinct screen
T026,family_screen,beta_residual_momentum,"lb=252,skip=21,beta_lb=126,n=10",selection,0.0782,0.1186,0.2256,0.1186,17.06,16.68,0.315,0.27,1,0.986,0.0918,0.0389,rejected,broad economically distinct screen
T027,family_screen,intraday_persistence,"mean_intraday_lb=63,n=10",selection,0.0631,0.0679,0.2937,0.0679,30.17,25.04,0.318,0.182,1,1,0.1017,0.0141,rejected,broad economically distinct screen
T028,family_screen,overnight_persistence,"mean_overnight_lb=63,n=10",selection,0.0823,0.0975,-0.032,-0.032,22.79,22.12,0.256,0.367,1,1,0.0044,-0.0536,rejected,broad economically distinct screen
T029,residual_region,beta_residual_momentum,"lb=105,skip=5,beta_lb=126,n=10,buffer=10",selection,0.1229,0.1849,0.1757,0.1757,22.63,23.2,0.301,0.316,1,1,0.1619,-0.0182,rejected,rank-buffer and parameter-region study
T030,residual_region,beta_residual_momentum,"lb=126,skip=0,beta_lb=126,n=10,buffer=10",selection,0.1285,0.1237,0.1296,0.1237,20.74,19.78,0.283,0.317,1,1,0.1271,0.0033,rejected,rank-buffer and parameter-region study
T031,residual_region,beta_residual_momentum,"lb=126,skip=10,beta_lb=126,n=10,buffer=10",selection,0.1325,0.1483,0.1675,0.1483,22.4,20.83,0.295,0.294,1,1,0.1532,-0.0248,rejected,rank-buffer and parameter-region study
T032,residual_region,beta_residual_momentum,"lb=147,skip=5,beta_lb=126,n=10,buffer=10",selection,0.1587,0.1941,0.199,0.1941,18.91,19.71,0.262,0.273,1,1,0.1482,0.0335,rejected,rank-buffer and parameter-region study
T033,residual_region,beta_residual_momentum,"lb=147,skip=10,beta_lb=126,n=10,buffer=10",selection,0.1564,0.2048,0.2253,0.2048,19.53,20.16,0.271,0.259,1,1,0.1666,0.0305,rejected,rank-buffer and parameter-region study
T034,residual_region,beta_residual_momentum,"lb=168,skip=5,beta_lb=126,n=10,buffer=10",selection,0.1217,0.1669,0.2379,0.1669,19.5,19.51,0.281,0.241,1,1,0.1282,0.0354,rejected,rank-buffer and parameter-region study
T035,residual_region,beta_residual_momentum,"lb=168,skip=10,beta_lb=126,n=10,buffer=10",selection,0.1363,0.1452,0.2674,0.1452,18.33,20.17,0.299,0.23,1,1,0.1452,0.0105,rejected,rank-buffer and parameter-region study
T036,residual_region,beta_residual_momentum,"lb=189,skip=5,beta_lb=126,n=10,buffer=10",selection,0.1179,0.1441,0.2199,0.1441,17.41,16.98,0.338,0.23,1,1,0.1191,0.0049,rejected,rank-buffer and parameter-region study
T037,residual_region,beta_residual_momentum,"lb=189,skip=10,beta_lb=126,n=10,buffer=10",selection,0.1342,0.1696,0.1568,0.1568,17.47,18.73,0.335,0.239,1,1,0.1219,0.0127,rejected,rank-buffer and parameter-region study
T038,residual_region,beta_residual_momentum,"lb=126,skip=5,beta_lb=63,n=10,buffer=10",selection,0.1452,0.1561,0.1919,0.1561,20.93,20.52,0.291,0.314,1,1,0.192,0.0288,rejected,rank-buffer and parameter-region study
T039,residual_region,beta_residual_momentum,"lb=126,skip=5,beta_lb=189,n=10,buffer=10",selection,0.1409,0.1952,0.1512,0.1512,20.84,19.74,0.279,0.318,1,1,0.1514,0.0157,rejected,rank-buffer and parameter-region study
T040,residual_region,beta_residual_momentum,"lb=126,skip=5,beta_lb=126,n=8,buffer=8",selection,0.1545,0.1914,0.214,0.1914,21.16,21.4,0.27,0.323,1,1,0.2017,-0.0109,rejected,rank-buffer and parameter-region study
T041,residual_region,beta_residual_momentum,"lb=147,skip=5,beta_lb=126,n=8,buffer=8",selection,0.1862,0.2432,0.2531,0.2432,19.75,20.28,0.26,0.275,1,1,0.1847,0.0454,rejected,rank-buffer and parameter-region study
T042,residual_region,beta_residual_momentum,"lb=126,skip=5,beta_lb=126,n=10,buffer=12",selection,0.1406,0.1824,0.1649,0.1649,15.41,14.99,0.274,0.314,1,1,0.1636,0.0019,rejected,rank-buffer and parameter-region study
T043,residual_region,beta_residual_momentum,"lb=126,skip=5,beta_lb=126,n=10,buffer=15",selection,0.1487,0.1681,0.1521,0.1521,11.16,11.24,0.293,0.315,1,1,0.1534,0.0118,rejected,rank-buffer and parameter-region study
T044,residual_region,beta_residual_momentum,"lb=126,skip=5,beta_lb=126,n=10,buffer=20",selection,0.1247,0.1513,0.1481,0.1481,9.38,9.66,0.293,0.315,1,1,0.1168,-0.0216,rejected,rank-buffer and parameter-region study
T045,residual_region,beta_residual_momentum,"lb=147,skip=5,beta_lb=126,n=10,buffer=12",selection,0.1602,0.2218,0.2118,0.2118,13.56,14.22,0.258,0.271,1,1,0.166,0.0186,rejected,rank-buffer and parameter-region study
T046,residual_region,beta_residual_momentum,"lb=147,skip=5,beta_lb=126,n=10,buffer=15",selection,0.1606,0.2289,0.2364,0.2289,9.41,11.17,0.258,0.246,1,1,0.1857,0.015,selected_signal,rank-buffer and parameter-region study
T047,residual_region,beta_residual_momentum,"lb=126,skip=5,beta_lb=126,n=10,buffer=12,update=10",selection,0.1352,0.1995,0.1607,0.1607,11.76,12.55,0.274,0.326,1,1,0.1556,-0.017,rejected,rank-buffer and parameter-region study
T048,residual_region,beta_residual_momentum,"lb=126,skip=5,beta_lb=126,n=10,buffer=15,update=20",selection,0.14,0.217,0.1293,0.1293,8.17,8.5,0.262,0.333,1,1,0.1265,0.0076,rejected,rank-buffer and parameter-region study
T049,family_blend,residual_plus_raw_momentum,"lb=126,skip=5,rank_weights=.6/.4",selection,0.144,0.1272,0.1579,0.1272,21.71,21.46,0.308,0.318,1,1,0.1487,-0.0158,rejected,added signals reduced the lower validation result
T050,family_blend,residual_plus_low_vol,"lb=126,skip=5,rank_weights=.85/.15",selection,0.1027,0.1377,0.1143,0.1143,24.37,23.31,0.288,0.264,1,1,0.094,-0.0191,rejected,added signals reduced the lower validation result
T051,family_blend,residual_plus_low_vol,"lb=126,skip=5,rank_weights=.75/.25",selection,0.0478,0.0415,0.0462,0.0415,23.5,23.93,0.296,0.171,1,1,0.0228,-0.0054,rejected,added signals reduced the lower validation result
T052,family_blend,residual_plus_intraday,"lb=126,skip=5,rank_weights=.8/.2",selection,0.1023,0.0924,0.2345,0.0924,22.62,21.12,0.322,0.241,1,1,0.1622,-0.0074,rejected,added signals reduced the lower validation result
T053,family_blend,residual_plus_intraday,"lb=126,skip=5,rank_weights=.7/.3",selection,0.0992,0.0915,0.2473,0.0915,23.94,22.18,0.314,0.235,1,1,0.1266,0.0019,rejected,added signals reduced the lower validation result
T054,family_blend,residual_intraday_low_vol,"lb=126,skip=5,rank_weights=.60/.25/.15",selection,0.0909,0.0929,0.1902,0.0929,23.18,21.32,0.328,0.201,1,1,0.0724,0.0138,rejected,added signals reduced the lower validation result
T055,stable_neighborhood,beta_residual_momentum,"lb=140,skip=5,beta_lb=126,n=10,buffer=15",selection,0.1658,0.2106,0.1745,0.1745,10.72,10.93,0.239,0.288,1,1,0.1574,0.0303,rejected,"neighbor around the selected region; selection used region stability, turnover, and drawdown rather than the best point"
T056,stable_neighborhood,beta_residual_momentum,"lb=154,skip=5,beta_lb=126,n=10,buffer=15",selection,0.168,0.2197,0.2472,0.2197,9.56,10.85,0.264,0.194,1,1,0.1725,0.0163,rejected,"neighbor around the selected region; selection used region stability, turnover, and drawdown rather than the best point"
T057,stable_neighborhood,beta_residual_momentum,"lb=168,skip=5,beta_lb=126,n=10,buffer=15",selection,0.1366,0.1412,0.3025,0.1412,9.38,9.79,0.323,0.232,1,1,0.1657,-0.0088,rejected,"neighbor around the selected region; selection used region stability, turnover, and drawdown rather than the best point"
T058,stable_neighborhood,beta_residual_momentum,"lb=140,skip=10,beta_lb=126,n=10,buffer=15",selection,0.1493,0.1921,0.1642,0.1642,10.82,11.19,0.245,0.296,1,1,0.146,0.017,rejected,"neighbor around the selected region; selection used region stability, turnover, and drawdown rather than the best point"
T059,stable_neighborhood,beta_residual_momentum,"lb=147,skip=10,beta_lb=126,n=10,buffer=15",selection,0.1548,0.2371,0.1926,0.1926,10.49,10.84,0.246,0.258,1,1,0.1678,-0.0036,rejected,"neighbor around the selected region; selection used region stability, turnover, and drawdown rather than the best point"
T060,stable_neighborhood,beta_residual_momentum,"lb=154,skip=10,beta_lb=126,n=10,buffer=15",selection,0.1468,0.2111,0.2615,0.2111,9.42,10.66,0.254,0.218,1,1,0.1497,0.0022,rejected,"neighbor around the selected region; selection used region stability, turnover, and drawdown rather than the best point"
T061,stable_neighborhood,beta_residual_momentum,"lb=147,skip=5,beta_lb=126,n=8,buffer=12",selection,0.1894,0.25,0.1992,0.1992,11.71,10.55,0.257,0.311,1,1,0.1751,0.0257,rejected,"neighbor around the selected region; selection used region stability, turnover, and drawdown rather than the best point"
T062,stable_neighborhood,beta_residual_momentum,"lb=147,skip=10,beta_lb=126,n=8,buffer=12",selection,0.1799,0.2526,0.2203,0.2203,11.79,10.44,0.25,0.287,1,1,0.1755,0.0399,rejected,"neighbor around the selected region; selection used region stability, turnover, and drawdown rather than the best point"
T063,exposure,beta_residual_momentum,SMA=200; exposure=1.0/0.8,candidate,0.1574,0.2319,0.2419,0.2319,9.3,11.13,0.224,0.223,1,1,,,rejected,selection sleeve unchanged; compared candidate beta/drawdown/exposure
T064,exposure,beta_residual_momentum,SMA=200; exposure=1.0/0.7,candidate,0.1558,0.2334,0.2446,0.2334,9.28,11.15,0.207,0.212,1,1,,,selected,selection sleeve unchanged; compared candidate beta/drawdown/exposure
T065,exposure,beta_residual_momentum,SMA=200; linear exposure=.7..1,candidate,0.1576,0.2157,0.2334,0.2157,9.33,11.05,0.221,0.224,1,1,,,rejected,selection sleeve unchanged; compared candidate beta/drawdown/exposure
T066,exposure,beta_residual_momentum,benchmark_vol_lb=63; target=.14; clip=.65..1,candidate,0.1562,0.1719,0.1977,0.1719,8.83,10.82,0.205,0.232,1,1,,,rejected,selection sleeve unchanged; compared candidate beta/drawdown/exposure
T067,falsification_phase,final_signal,rebalance_phase_offset=1,selection,,0.2406,0.1912,0.1912,,,,,1,1,,,pass,all four alternate phases retained positive alpha on both validations
T068,falsification_phase,final_signal,rebalance_phase_offset=2,selection,,0.2272,0.1626,0.1626,,,,,1,1,,,pass,all four alternate phases retained positive alpha on both validations
T069,falsification_phase,final_signal,rebalance_phase_offset=3,selection,,0.2323,0.2009,0.2009,,,,,1,1,,,pass,all four alternate phases retained positive alpha on both validations
T070,falsification_phase,final_signal,rebalance_phase_offset=4,selection,,0.2402,0.1997,0.1997,,,,,1,1,,,pass,all four alternate phases retained positive alpha on both validations
T071,falsification_cost,final_signal,one_way_cost_bps=0,selection,,0.2336,0.242,0.2336,,,,,1,1,,,pass,positive lower validation alpha under cost perturbation
T072,falsification_cost,final_signal,one_way_cost_bps=10,selection,,0.2242,0.2307,0.2242,,,,,1,1,,,pass,positive lower validation alpha under cost perturbation
T073,falsification_cost,final_signal,one_way_cost_bps=15,selection,,0.2195,0.2251,0.2195,,,,,1,1,,,pass,positive lower validation alpha under cost perturbation
T074,falsification_cost,final_signal,one_way_cost_bps=25,selection,,0.2101,0.2139,0.2101,,,,,1,1,,,pass,positive lower validation alpha under cost perturbation
T075,falsification_start,final_signal,scored_start_shift=5,selection,,0.2325,0.243,0.2325,,,,,1,1,,,pass,positive lower validation alpha after delaying both scored starts
T076,falsification_start,final_signal,scored_start_shift=21,selection,,0.2476,0.24,0.24,,,,,1,1,,,pass,positive lower validation alpha after delaying both scored starts
T077,falsification_start,final_signal,scored_start_shift=42,selection,,0.252,0.2191,0.2191,,,,,1,1,,,pass,positive lower validation alpha after delaying both scored starts
T078,falsification_start,final_signal,scored_start_shift=63,selection,,0.2512,0.2334,0.2334,,,,,1,1,,,pass,positive lower validation alpha after delaying both scored starts
