date,strategy_equity,spy_equity,qqq_equity,gross_close,cash_close,trade_at_open,turnover,cost_fraction,cumulative_turnover,strategy_return_index,spy_return_index,qqq_return_index
2015-01-02,3.749949441314926,1.826661343553801,1.166687462658956,1.0,0.0,False,0.0,0.0,345.45400601619616,-0.008234010260047775,-0.004603218260270769,-0.007902849633210751
2015-01-05,3.7322947646479,1.7936723610089678,1.149573817145158,1.0,0.0,False,0.0,0.0,345.45400601619616,-0.012903221979358892,-0.02257980005737059,-0.022455503612993533
2015-01-06,3.717957853219031,1.7767779007444549,1.1341599863287497,1.0,1.1102230246251563e-16,False,0.0,0.0,345.45400601619616,-0.016694969408380333,-0.03178604479226421,-0.035562713657355305
2015-01-07,3.783614484411143,1.798918607267106,1.148780388300087,0.9999999999999996,4.440892098500626e-16,False,0.0,0.0,345.45400601619616,0.0006695350566192637,-0.019720979696391527,-0.02313019886892742
2015-01-08,3.897125124355231,1.8308400750359088,1.1707678462840754,0.9999999999999998,2.220446049250313e-16,True,1.2211380171292967,0.0006105690085646,346.67514403332547,0.03069020438348069,-0.002326115345861801,-0.0044330797964301505
2015-01-09,3.853425732829218,1.816168851037525,1.1630606955487732,1.0,1.1102230246251563e-16,False,0.0,0.0,346.67514403332547,0.019132829819882957,-0.010320858982228565,-0.010986884929909735
2015-01-12,3.804646701813217,1.801941124484176,1.1509340077740913,1.0,1.1102230246251563e-16,False,0.0,0.0,346.67514403332547,0.00623202016065294,-0.018073928960226526,-0.021298860304386324
2015-01-13,3.791559333366421,1.7968735912705558,1.1505938189205995,1.0,0.0,False,0.0,0.0,346.67514403332547,0.0027707449824529995,-0.020835363787759076,-0.02158814119831698
2015-01-14,3.7595472280526985,1.7860258080233125,1.1442468588142292,1.0,0.0,False,0.0,0.0,346.67514403332547,-0.005695640446730432,-0.02674661196269923,-0.0269853030231908
2015-01-15,3.703916559744959,1.7696646945010324,1.1293994132583236,1.0,0.0,True,0.0220755715490859,1.1037785774542968e-05,346.69721960487453,-0.02040853342770199,-0.035662221746213696,-0.039610885192959744
2015-01-16,3.785835008425351,1.792872094508149,1.1426600011240875,0.9999999999999998,2.220446049250313e-16,False,0.0,0.0,346.69721960487453,0.001256807026856821,-0.023015886747582814,-0.028334693535058686
2015-01-20,3.8290171331067473,1.7966956995176029,1.151727342488323,0.9999999999999998,2.220446049250313e-16,False,0.0,0.0,346.69721960487453,0.012677377702258186,-0.02093230177739369,-0.020624245092971893
2015-01-21,3.853278820506964,1.8057662078184464,1.157620686079757,0.9999999999999998,2.220446049250313e-16,False,0.0,0.0,346.69721960487453,0.019093975257450824,-0.01598953841117623,-0.01561281780817958
2015-01-22,3.938026048910928,1.8326184997904988,1.179041476410723,1.0,1.1102230246251563e-16,False,0.0,0.0,346.69721960487453,0.041507455804618676,-0.0013570039758028507,0.0026024332561649377
2015-01-23,3.964126678720544,1.822571147302388,1.1816482417454657,1.0,1.1102230246251563e-16,True,0.0324797178327903,1.6239858916395193e-05,346.72969932270735,0.048410406727309896,-0.006832075951767935,0.004819106138188367
2015-01-26,3.969415011114416,1.8268387425318149,1.1802880511165326,1.0,0.0,False,0.0,0.0,346.72969932270735,0.04980903577358409,-0.004506548796923249,0.003662462829581381
2015-01-27,3.896849482169479,1.8027423765348725,1.1496873389374411,1.0,0.0,False,0.0,0.0,346.72969932270735,0.03061730405523777,-0.017637305217440225,-0.022358969922323668
2015-01-28,3.9656765163364014,1.7796235117584498,1.143793430560971,1.0,1.1102230246251563e-16,False,0.0,0.0,346.72969932270735,0.04882029925015097,-0.030235394993159637,-0.027370877474233613
2015-01-29,4.058742956331733,1.796073160511424,1.1547870654221266,1.0,0.0,False,0.0,0.0,346.72969932270735,0.0734339990927757,-0.0212715399867337,-0.018022397982503824
2015-01-30,3.958195201658881,1.7734881352521732,1.1458337165043708,1.0,0.0,True,0.4422463286427717,0.0002211231643213,347.17194565135014,0.04684168231895702,-0.033578726284786864,-0.02563591251132291
2015-02-02,3.95129810831417,1.7954509500218712,1.1558073495900851,1.0,0.0,False,0.0,0.0,347.17194565135014,0.0450175770305008,-0.021610599178549017,-0.017154795434269454
2015-02-03,4.050721527285018,1.8214150972956629,1.1669140355893255,1.0,0.0,False,0.0,0.0,347.17194565135014,0.0713125356858304,-0.0074620386212497225,-0.007710182474469307
2015-02-04,3.978264241957493,1.8144796185468803,1.1658943162064035,1.0,0.0,False,0.0,0.0,347.17194565135014,0.05214943164367969,-0.011241367094326993,-0.008577304755585713
2015-02-05,4.015350477224525,1.832796391543452,1.175981094561044,1.0,1.1102230246251563e-16,False,0.0,0.0,347.17194565135014,0.06195779503655796,-0.001260065986168124,2.5834059558249578e-08
2015-02-06,3.96166913808115,1.8277280370382667,1.1688411762637991,1.0,0.0,True,0.3999999999999998,0.0001999999999999,347.5719456513501,0.04776044990450545,-0.0040219483575124615,-0.00607143102415042
2015-02-09,3.936460188352797,1.8195476445354395,1.165101169753851,1.0,1.1102230246251563e-16,False,0.0,0.0,347.5719456513501,0.04109332562219037,-0.00847966374050746,-0.009251759877960675
2015-02-10,4.007969708195335,1.838932260824668,1.1832348170430893,1.0,0.0,False,0.0,0.0,347.5719456513501,0.060005769865063785,0.0020835338317466423,0.00616825651649755
2015-02-11,4.035466394892851,1.83999879005082,1.1875413029443818,0.9999999999999996,3.3306690738754696e-16,False,0.0,0.0,347.5719456513501,0.06727794223002492,0.002664714225742104,0.009830293289421865
2015-02-12,4.076066596480867,1.8576940095910908,1.2013684643323277,0.9999999999999994,5.551115123125785e-16,False,0.0,0.0,347.5719456513501,0.07801566009575178,0.012307314177135042,0.021588272910955553
2015-02-13,4.072587191621111,1.865341383868311,1.2116823804023726,1.0,1.1102230246251563e-16,True,0.0147926033429202,7.396301671460145e-06,347.58673825469305,0.07709544624795339,0.01647457362627569,0.03035875092645912
2015-02-17,4.073265047019095,1.868274873079748,1.212815715708418,0.9999999999999998,2.220446049250313e-16,False,0.0,0.0,347.58673825469305,0.07727472171291727,0.018073110613242127,0.031322486942765515
2015-02-18,4.09520926971962,1.8684537503825789,1.2145156245366455,0.9999999999999998,2.220446049250313e-16,False,0.0,0.0,347.58673825469305,0.08307840895890517,0.01817058565545082,0.03276801092270465
2015-02-19,4.109719222045967,1.8671193158479624,1.2205225840512022,0.9999999999999996,3.3306690738754696e-16,False,0.0,0.0,347.58673825469305,0.08691592129213088,0.017443416470047657,0.037876051942686395
2015-02-20,4.113799774773006,1.878322882601112,1.2286829747780843,0.9999999999999996,4.440892098500626e-16,False,0.0,0.0,347.58673825469305,0.08799512341934657,0.023548540624257264,0.04481527143816999
2015-02-23,4.123960786491272,1.8780567841340905,1.2299293612222164,1.0,0.0,True,0.4146689935064342,0.0002073344967532,348.0014072481995,0.09068245187569834,0.02340353642923576,0.04587514092254863
2015-02-24,4.132088360504584,1.8833909085896705,1.2308365001212485,1.0,0.0,False,0.0,0.0,348.0014072481995,0.09283198791922165,0.026310243978076464,0.04664652995819085
2015-02-25,4.145157617470092,1.881790868362972,1.2277759300098905,0.9999999999999998,2.220446049250313e-16,False,0.0,0.0,348.0014072481995,0.09628847307253019,0.025438339123939002,0.044043962447046336
2015-02-26,4.248266653892141,1.879567796355156,1.2340094624548197,0.9999999999999998,2.220446049250313e-16,False,0.0,0.0,348.0014072481995,0.12355818354691706,0.024226927534174658,0.04934467062577208
2015-02-27,4.247263285492108,1.873165992865232,1.2285697353783194,0.9999999999999996,3.3306690738754696e-16,False,0.0,0.0,348.0014072481995,0.12329281819468885,0.020738413030001235,0.044718977881059274
2015-03-02,4.292531435600671,1.8849922628828728,1.2396762331158868,1.0,0.0,True,0.4237975215984222,0.0002118987607992,348.4252047697979,0.13526508939426352,0.02718286490231292,0.05416343075182506
2015-03-03,4.266389911789016,1.8772560248583328,1.2338963171858883,1.0,0.0,False,0.0,0.0,348.4252047697979,0.1283513230509803,0.02296718121273633,0.049248457113175936
2015-03-04,4.248493081465325,1.869342552114092,1.2291362147696625,1.0,0.0,False,0.0,0.0,348.4252047697979,0.12361806786528917,0.018654917568574847,0.04520068580017256
2015-03-05,4.263306051064968,1.8713875681106416,1.2312892694586302,1.0,0.0,False,0.0,0.0,348.4252047697979,0.127535720539248,0.01976930165994184,0.04703154409759569
2015-03-06,4.112178678657737,1.8450676373309445,1.2173492451942762,1.0,0.0,False,0.0,0.0,348.4252047697979,0.08756638484076484,0.005426865123373759,0.035177591097029115
2015-03-09,4.049345698761076,1.8527143545749123,1.220862490512177,1.0,0.0,True,0.8440369555744148,0.0004220184777872,349.26924172537235,0.07094866412992995,0.009593766537464354,0.038165092703059234
2015-03-10,3.962624704756939,1.8226600110497075,1.1981953137370795,1.0,0.0,False,0.0,0.0,349.26924172537235,0.04801317291979057,-0.006783651711331995,0.018889972154336743
2015-03-11,3.994349549124612,1.818391923045341,1.1912814977160078,1.0000000000000002,0.0,False,0.0,0.0,349.26924172537235,0.056403585154953584,-0.00910944739246422,0.01301078223227048
2015-03-12,4.030852315386934,1.841510787821764,1.1991020761127558,0.9999999999999998,2.220446049250313e-16,False,0.0,0.0,349.26924172537235,0.06605763587668889,0.0034886423832554136,0.019661041011902025
2015-03-13,3.998246432891305,1.8302175360297297,1.193888733704948,0.9999999999999998,2.220446049250313e-16,False,0.0,0.0,349.26924172537235,0.05743421152639083,-0.0026653535552019214,0.01522785533689297
2015-03-16,4.008165391585318,1.8546708353407688,1.209302187997999,1.0,0.0,True,0.4168336949139919,0.0002084168474569,349.6860754202864,0.060057523131068935,0.010659905405920655,0.02833474520317658
2015-03-17,3.983737634841383,1.8491583263572968,1.211229328672473,1.0,1.1102230246251563e-16,False,0.0,0.0,349.6860754202864,0.05359700446984128,0.007655991341158019,0.02997349665349547
2015-03-18,4.082625191264054,1.8713875681106416,1.223129066993428,1.0,1.1102230246251563e-16,False,0.0,0.0,349.6860754202864,0.07975024114764184,0.01976930165994184,0.04009248469115234
2015-03-19,4.065967979269375,1.862851227843596,1.224942874137296,1.0,0.0,False,0.0,0.0,349.6860754202864,0.07534483339515274,0.015117620788915653,0.04163486253983972
2015-03-20,4.094338679214934,1.879294306264051,1.232871702999322,1.0,0.0,False,0.0,0.0,349.6860754202864,0.08284815997367212,0.024077895444847064,0.048377172517041434
2015-03-23,4.08114914829,1.8756328242095048,1.230485956875425,1.0,0.0,True,0.0282030482003659,1.410152410018299e-05,349.71427846848667,0.0793598654255232,0.022082655623106406,0.04634844416710071
2015-03-24,4.099228467647806,1.8650931895574043,1.226056159574555,1.0,0.0,False,0.0,0.0,349.71427846848667,0.08414138430659701,0.01633932588635134,0.04258154907346556
2015-03-25,4.0516152964054255,1.837762413119653,1.1979976389743976,1.0,0.0,False,0.0,0.0,349.71427846848667,0.071548914823782,0.0014460524262265295,0.018721878663120917
2015-03-26,4.052719202039923,1.8333862431453485,1.193907748134501,1.0,0.0,False,0.0,0.0,349.71427846848667,0.07184086971045733,-0.0009386400205375622,0.015244024329857497
2015-03-27,4.049127240347632,1.8375845213667,1.198678863858937,0.9999999999999998,2.220446049250313e-16,False,0.0,0.0,349.71427846848667,0.07089088745106609,0.0013491144365918029,0.019301160851660226
2015-03-30,4.097829320578831,1.8600018388884023,1.212424413809147,1.0,0.0,True,0.0271978870086342,1.3598943504317104e-05,349.7414763554953,0.0837713455902438,0.01356491228827661,0.0309897418746774
2015-03-31,4.057707718103696,1.8437465077196789,1.199587697113078,1.0,1.1102230246251563e-16,False,0.0,0.0,349.7414763554953,0.07316020498383824,0.00470694614772138,0.02007399068865623
2015-04-01,4.104747862900972,1.8372266025027253,1.193339950911406,0.9999999999999998,2.220446049250313e-16,False,0.0,0.0,349.7414763554953,0.08560112358620242,0.0011540748434120118,0.014761195787468706
2015-04-02,4.102303283060309,1.843835699983625,1.1941353565041044,0.9999999999999998,2.220446049250313e-16,False,0.0,0.0,349.7414763554953,0.08495459456411436,0.004755549405682347,0.015437571978315523
2015-04-06,4.168454943154687,1.8562513288282232,1.2039047256683804,0.9999999999999998,2.220446049250313e-16,False,0.0,0.0,349.7414763554953,0.10245002154870786,0.011521158717337388,0.023744992447778834
2015-04-07,4.135443108012175,1.8513386912037395,1.2018597331830128,1.0,0.0,True,0.0242638934677708,1.2131946733885416e-05,349.7657402489631,0.0937192330765928,0.008844130652709392,0.022006025258887618
2015-04-08,4.158684466083561,1.857590526853916,1.211401776370204,1.0,0.0,False,0.0,0.0,349.7657402489631,0.09986597954645626,0.0122509236568491,0.030120138213452385
2015-04-09,4.194800808907447,1.8658075489605368,1.2190126312568288,1.0000000000000002,0.0,False,0.0,0.0,349.7657402489631,0.10941783112394265,0.01672859949384997,0.036592057803354505
2015-04-10,4.233960174259854,1.875989429006976,1.2240111670891871,1.0,0.0,False,0.0,0.0,349.7657402489631,0.11977448455196882,0.022276979146187648,0.040842581884574125
2015-04-13,4.260322302034216,1.8675048301085169,1.220944101949913,1.0,0.0,False,0.0,0.0,349.7657402489631,0.12674659501717644,0.017653493535303877,0.038234491301575524
2015-04-14,4.287573926917132,1.8710771198991167,1.217422196594791,1.0,0.0,True,0.431724526394162,0.000215862263197,350.1974647753572,0.13395395478215222,0.019600130099083568,0.0352396255997407
2015-04-15,4.324328186498148,1.8794726907919428,1.225033522135612,1.0,0.0,False,0.0,0.0,350.1974647753572,0.1436745190726787,0.024175101960768774,0.041711945412240325
2015-04-16,4.481030096946824,1.8789373729499543,1.2233298480738088,1.0,0.0,False,0.0,0.0,350.1974647753572,0.18511817791192375,0.023883392904241463,0.04026321965151558
2015-04-17,4.475089554922588,1.857322621545452,1.2042452910452293,1.0,0.0,False,0.0,0.0,350.1974647753572,0.18354705605216015,0.012104934865441619,0.024034593519787872
2015-04-20,4.501396578038823,1.87429296915056,1.222307022373187,1.0,0.0,False,0.0,0.0,350.1974647753572,0.1905045927406641,0.021352532648545308,0.039393455901250984
2015-04-21,4.455299742213666,1.8720597131273395,1.2275326959209525,1.0,1.1102230246251563e-16,True,0.0497084963331941,2.485424816659709e-05,350.24717327169043,0.17831315530358083,0.020135571515514483,0.04383712740833112
2015-04-22,4.4747124077134295,1.881259985495434,1.234234999945958,1.0,0.0,False,0.0,0.0,350.24717327169043,0.1834473102339771,0.025149046803995434,0.049536457294799385
2015-04-23,4.498255750403652,1.885993581558774,1.2388919349622274,1.0,0.0,False,0.0,0.0,350.24717327169043,0.18967392393380544,0.027728510317652333,0.05349649981428817
2015-04-24,4.516664520309517,1.8903694230164527,1.2557049265750675,1.0,0.0,False,0.0,0.0,350.24717327169043,0.19454257408264142,0.030113023746891843,0.06779349159838133
2015-04-27,4.493439796395251,1.882509826998868,1.2525239631201588,1.0,1.1102230246251563e-16,False,0.0,0.0,350.24717327169043,0.18840022692310399,0.025830118976784,0.06508854714663959
2015-04-28,4.534933263818555,1.88849425011552,1.250024977596493,1.0,0.0,True,0.4024251003124844,0.0002012125501562,350.6495983720029,0.1993741908207043,0.029091191715803433,0.0629635252395846
2015-04-29,4.493127751190328,1.8807233535869416,1.2421868908636242,1.0,0.0,False,0.0,0.0,350.6495983720029,0.18831769892470107,0.02485662167736913,0.05629837817930472
2015-04-30,4.34345337726265,1.8618781615975264,1.2226480584042343,1.0,0.0,False,0.0,0.0,350.6495983720029,0.1487326442672603,0.014587370880701833,0.039683457195859306
2015-05-01,4.305518164178232,1.8820633729041991,1.2387789779549865,1.0,0.0,False,0.0,0.0,350.6495983720029,0.13869974789373707,0.025586834160692407,0.053400446390741374
2015-05-04,4.315752007640706,1.887422464623352,1.2408238763095163,0.9999999999999998,2.220446049250313e-16,False,0.0,0.0,350.6495983720029,0.14140633848895456,0.028507147041411995,0.05513933353511424
2015-05-05,4.252036567866873,1.8658075489605368,1.2206033483113847,1.0,0.0,True,0.4253504326541911,0.000212675216327,351.0749488046571,0.12455522964657684,0.01672859949384997,0.037944730140526906
2015-05-06,4.203528113660247,1.858126337470844,1.2121969937012227,1.0,0.0,False,0.0,0.0,351.0749488046571,0.11172598065272354,0.012542901239664062,0.030796354315258956
2015-05-07,4.203055698999406,1.865539972168699,1.2194672832109974,0.9999999999999996,3.3306690738754696e-16,False,0.0,0.0,351.0749488046571,0.1116010390232407,0.016582789719967517,0.03697867283315115
2015-05-08,4.256488393933586,1.890101846224615,1.2346893695076049,0.9999999999999996,4.440892098500626e-16,False,0.0,0.0,351.0749488046571,0.12573262410330188,0.029967213973009388,0.049922832191034106
2015-05-11,4.2494867499753255,1.8810809439342904,1.229918065521491,0.9999999999999992,6.661338147750939e-16,False,0.0,0.0,351.0749488046571,0.12388086784398666,0.025051482253024338,0.045865535580192685
2015-05-12,4.232389718164072,1.875453618390048,1.2243520148585556,1.0,0.0,True,0.4307833172196172,0.0002153916586098,351.5057321218767,0.11935913896703454,0.021985001563372908,0.04113242309014309
2015-05-13,4.203974755045455,1.8758115372540225,1.2268510945130555,1.0,0.0,False,0.0,0.0,351.5057321218767,0.111844105908115,0.0221800411565527,0.04325752504171332
2015-05-14,4.218710690824799,1.8953717456798216,1.2447999629646114,1.0,1.1102230246251563e-16,False,0.0,0.0,351.5057321218767,0.1157413851012501,0.03283892359576779,0.05852041404414887
2015-05-15,4.252451096002009,1.8974257958835856,1.2447999629646114,1.0,0.0,False,0.0,0.0,351.5057321218767,0.12466486176632974,0.033958230669065115,0.05852041404414887
2015-05-18,4.325588478311464,1.903320205444727,1.250252021181067,1.0,0.0,False,0.0,0.0,351.5057321218767,0.14400783411522933,0.03717025260631224,0.06315659262093076
2015-05-19,4.310630685310448,1.9026952025638533,1.248889100757792,1.0,0.0,True,0.0208501794460956,1.04250897230478e-05,351.5265823013228,0.1400518793451362,0.03682967176553675,0.061997628021254636
2015-05-20,4.318329263751175,1.9013556760215349,1.249684223957966,1.0,0.0,False,0.0,0.0,351.5265823013228,0.14208795700067411,0.03609972780850046,0.06267376407853709
2015-05-21,4.363011742472996,1.906893152268579,1.2561592020058814,1.0,1.1102230246251563e-16,False,0.0,0.0,351.5265823013228,0.15390533305522758,0.039117247205141537,0.06817978645010192
2015-05-22,4.341498421767832,1.9023382692497568,1.2549096151132155,0.9999999999999998,2.220446049250313e-16,False,0.0,0.0,351.5265823013228,0.14821560839742842,0.03663516922493115,0.06711719545206019
2015-05-26,4.245108189356713,1.881884988376308,1.2404826520167884,0.9999999999999998,2.220446049250313e-16,False,0.0,0.0,351.5265823013228,0.12272285022974572,0.02548962764477114,0.05484917215146523
2015-05-27,4.239556704758545,1.8997480799124395,1.2604761364303485,1.0,0.0,True,0.8304061013439421,0.0004152030506719,352.3569884026668,0.12125462413678356,0.035223705551294504,0.07185070816470862
2015-05-28,4.23024898879023,1.8976040161531644,1.2576360207447994,1.0,0.0,False,0.0,0.0,352.3569884026668,0.11879297064411731,0.03405534767622442,0.06943560491852852
2015-05-29,4.227993022363388,1.8858142114810044,1.2501386876504577,1.0,0.0,False,0.0,0.0,352.3569884026668,0.11819632505964983,0.027630766749156432,0.06306021901929615
2015-06-01,4.219395949145891,1.8896547350966943,1.2543415354976035,1.0,0.0,False,0.0,0.0,352.3569884026668,0.11592261845057417,0.02972357112186841,0.06663412677611369
2015-06-02,4.235488307407102,1.887779233679136,1.2503656371041867,1.0,0.0,False,0.0,0.0,352.3569884026668,0.12017863679640639,0.02870156007325564,0.06325320635611775
2015-06-03,4.210672160338203,1.8927810635675653,1.2541144919130296,1.0,0.0,True,0.4127017022482653,0.0002063508511241,352.769690104915,0.1136153987996058,0.031427191395844156,0.06644105939476752
2015-06-04,4.217692014752108,1.8767936377073056,1.2445724487258485,1.0,0.0,False,0.0,0.0,352.769690104915,0.11547197126000586,0.022715214046696186,0.058326946440211414
2015-06-05,4.227811808805093,1.8735782812308013,1.241618717117167,1.0,0.0,False,0.0,0.0,352.769690104915,0.11814839869509242,0.020963080023521652,0.05581522945883366
2015-06-08,4.205680583326939,1.8620565461254184,1.229009514659868,1.0,0.0,False,0.0,0.0,352.769690104915,0.11229525398367901,0.014684577396623544,0.04509294587675572
2015-06-09,4.224986698895952,1.8617878195253896,1.2269644280436598,1.0,0.0,False,0.0,0.0,352.769690104915,0.11740122917480655,0.014538141061404497,0.04335389864334371
2015-06-10,4.211510750145912,1.8841172588496504,1.2437772313948292,1.0000000000000002,0.0,True,0.4126595346342615,0.0002063297673171,353.1823496395493,0.11383718441662394,0.026706051725227553,0.0576507303384044
2015-06-11,4.167344273677519,1.890190709971935,1.2455947096414293,1.0,0.0,False,0.0,0.0,353.1823496395493,0.10215627779814884,0.03001563821344555,0.05919622992335416
2015-06-12,4.152138780081425,1.8757216879568248,1.2353707826538258,1.0,0.0,False,0.0,0.0,353.1823496395493,0.09813481253793288,0.02213107986354257,0.050502274468614994
2015-06-15,4.138577297053186,1.8676835431530348,1.229236558244435,1.0,0.0,False,0.0,0.0,353.1823496395493,0.09454814614460494,0.01775087906875039,0.04528601325809567
2015-06-16,4.146561962984944,1.8778652589411604,1.2359390505311156,0.9999999999999998,2.220446049250313e-16,False,0.0,0.0,353.1823496395493,0.09665988664523861,0.02329916921232522,0.05098550323360018
2015-06-17,4.116930036513654,1.8809022308897725,1.2393463986547195,1.0,0.0,True,0.4247758963982365,0.0002123879481991,353.6071255359475,0.08882299781657332,0.024954096719577823,0.053882954755047674
2015-06-18,4.087317945668176,1.9004627678321973,1.2574085065060363,1.0,0.0,False,0.0,0.0,353.6071255359475,0.08099135500505406,0.035613158176317494,0.06924213731459083
2015-06-19,4.053084429429886,1.892025968102815,1.25119201174304,1.0,0.0,False,0.0,0.0,353.6071255359475,0.07193746304046211,0.031015719615280712,0.0639559171939228
2015-06-22,4.099093369913472,1.9017188511515244,1.2604147631230698,1.0,1.1102230246251563e-16,False,0.0,0.0,353.6071255359475,0.08410565440135431,0.03629763168207578,0.07179851913790514
2015-06-23,4.102572503714343,1.9030644552514235,1.2614395655713218,1.0,1.1102230246251563e-16,False,0.0,0.0,353.6071255359475,0.08502579656099041,0.03703088746331962,0.07266996382308477
2015-06-24,4.074023707748091,1.889243596539316,1.2549493383274284,1.0,0.0,True,0.4188545578790274,0.0002094272789395,354.0259800938265,0.07747536812710054,0.02949953068968436,0.06715097423934058
2015-06-25,4.011388127206326,1.8834996475928607,1.2524447049533989,1.0,0.0,False,0.0,0.0,354.0259800938265,0.06090985451122699,0.02636949877875816,0.06502114966110684
2015-06-26,4.037117930701609,1.8831405789206952,1.2441329518368107,1.0,0.0,False,0.0,0.0,354.0259800938265,0.06771473133121053,0.026173832624241555,0.05795321857806779
2015-06-29,3.977914044251281,1.843650088089962,1.2147571642704758,1.0,0.0,False,0.0,0.0,354.0259800938265,0.05205681328171474,0.004654404504216725,0.03297340516006719
2015-06-30,4.009469485110625,1.8475098299282704,1.219083982433072,1.0,0.0,False,0.0,0.0,354.0259800938265,0.06040242260933648,0.006757681402124849,0.03665273154923043
2015-07-01,4.001312709717079,1.862318373876302,1.2287618564214788,1.0,1.1102230246251563e-16,True,0.8198722490277656,0.0004099361245138,354.84585234285424,0.0582451635454837,0.014827254363823483,0.044882348745617584
2015-07-02,4.015260999564619,1.860613208329299,1.2291036454992397,1.0,0.0,False,0.0,0.0,354.84585234285424,0.06193413047752183,0.013898063901776503,0.04517299039638156
2015-07-06,3.96381695081252,1.855317848835581,1.2262571289166149,1.0,1.1102230246251563e-16,False,0.0,0.0,354.84585234285424,0.048328491594836986,0.011012480420852233,0.04275244412286838
2015-07-07,4.006880077080143,1.866985445322887,1.229331347999682,1.0,1.1102230246251563e-16,False,0.0,0.0,354.84585234285424,0.05971759022469225,0.017370466828725117,0.04536661808935882
2015-07-08,3.952227937970186,1.835662370588256,1.2079258068646948,0.9999999999999998,2.220446049250313e-16,False,0.0,0.0,354.84585234285424,0.04526349326044454,0.00030168289946885807,0.027164334237194554
2015-07-09,3.9420298802355394,1.838983837934942,1.2072427934942085,1.0,0.0,True,0.0161705001125337,8.085250056266854e-06,354.8620228429668,0.04256636707756978,0.0021116395831268786,0.02658353120278334
2015-07-10,4.017627491834498,1.8621386752819065,1.22568782560009,1.0,0.0,False,0.0,0.0,354.8620228429668,0.06256000732865741,0.014729331777803,0.042268334868165836
2015-07-13,4.078228550910114,1.882691825209645,1.2472074533123994,0.9999999999999998,2.220446049250313e-16,False,0.0,0.0,354.8620228429668,0.07858744190450673,0.025929294685477222,0.060567632678120153
2015-07-14,4.093402864933168,1.8908584200141825,1.2554047433283104,0.9999999999999996,4.440892098500626e-16,False,0.0,0.0,354.8620228429668,0.08260066096284735,0.030379491332434228,0.0675382296252931
2015-07-15,4.067005633087502,1.890230953258614,1.2567710524618012,0.9999999999999998,2.220446049250313e-16,False,0.0,0.0,354.8620228429668,0.07561926636606287,0.030037567860223158,0.06870007582767457
2015-07-16,4.218614666820385,1.905398730137124,1.2745330711972065,1.0,1.1102230246251563e-16,True,0.4324769702550794,0.0002162384851275,355.2944998132219,0.11571598920104753,0.0383028964852008,0.08380407645865429
2015-07-17,4.20215854122839,1.9070140463869287,1.293319704119161,1.0,1.1102230246251563e-16,False,0.0,0.0,355.2944998132219,0.11136376367362621,0.03918312565423743,0.09977936168575408
2015-07-20,4.140298373305719,1.9080015673645403,1.2977601382048845,0.9999999999999996,4.440892098500626e-16,False,0.0,0.0,355.2944998132219,0.09500332691963242,0.03972125233353885,0.10355530181011052
2015-07-21,4.155040599138299,1.900462439315572,1.2969632265187514,0.9999999999999994,5.551115123125785e-16,False,0.0,0.0,355.2944998132219,0.09890226967142879,0.035612979158793356,0.10287764490694595
2015-07-22,4.116314924301497,1.8970517797049395,1.282275615128102,0.9999999999999992,6.661338147750939e-16,False,0.0,0.0,355.2944998132219,0.08866031632407889,0.03375441921717415,0.09038797833150447
2015-07-23,4.095978366193258,1.8863710471619928,1.277493391964629,1.0,0.0,True,0.0088983679555002,4.449183977750112e-06,355.3033981811774,0.08328181536139678,0.027934201453552854,0.08632139655639337
2015-07-24,4.057090649083637,1.8668060752451168,1.2649690955244364,1.0000000000000002,0.0,False,0.0,0.0,355.3033981811774,0.07299700596555958,0.017272723260228995,0.07567131313101227
2015-07-27,4.0609665240904365,1.855945972624401,1.2544941215882246,1.0,0.0,False,0.0,0.0,355.3033981811774,0.07402207605580569,0.011354761928112467,0.06676387894242719
2015-07-28,4.139525684937039,1.878742398332452,1.2653106963405203,1.0,0.0,False,0.0,0.0,355.3033981811774,0.09479897055250874,0.023777146003321592,0.07596179469273867
2015-07-29,4.149926438723428,1.891666570914024,1.270092825373161,1.0,1.1102230246251563e-16,False,0.0,0.0,355.3033981811774,0.0975497046715752,0.030819874443239748,0.08002829642333631
2015-07-30,4.1959659221243335,1.8921154888833869,1.276126988700293,1.0,0.0,True,0.0252935100237133,1.2646755011856651e-05,355.3286916912011,0.10972597385514171,0.03106450189076626,0.08515947030948734
2015-07-31,4.219456651789775,1.889243596539316,1.274646781251159,1.0,1.1102230246251563e-16,False,0.0,0.0,355.3286916912011,0.11593867275174108,0.02949953068968436,0.0839007702383554
2015-08-03,4.20968160350092,1.8828711952874149,1.2706619404280075,0.9999999999999998,2.220446049250313e-16,False,0.0,0.0,355.3286916912011,0.11335342177898311,0.026027038253973345,0.08051224558899994
2015-08-04,4.258649493508097,1.879191316301815,1.268270828846265,0.9999999999999998,2.220446049250313e-16,False,0.0,0.0,355.3286916912011,0.12630417982478104,0.024021773450848105,0.07847895470143929
2015-08-05,4.289128366937872,1.885383854701008,1.2780627894119867,0.9999999999999996,3.3306690738754696e-16,False,0.0,0.0,355.3286916912011,0.13436506452370667,0.02739625379177668,0.08680558585561005
2015-08-06,4.208626975258308,1.86994685844753,1.25756834067129,1.0,0.0,True,0.4303194247641665,0.000215159712382,355.7590111159652,0.11307449950570692,0.018984220305292787,0.0693780529089163
2015-08-07,4.157829495566339,1.866356993017441,1.2559742349065133,1.0,0.0,False,0.0,0.0,355.7590111159652,0.0996398616495402,0.017028006303940302,0.06802249896903434
2015-08-10,4.1759801540057175,1.8898718845864488,1.2703203396119236,1.0,0.0,False,0.0,0.0,355.7590111159652,0.10444024789828132,0.029841901705706997,0.08022176402727355
2015-08-11,4.113495033546179,1.872818750791601,1.2540385283256648,1.0,1.1102230246251563e-16,False,0.0,0.0,355.7590111159652,0.08791452713687176,0.020549191506374687,0.0663764634674362
2015-08-12,4.100372238802162,1.875063012121791,1.258365064095733,1.0,0.0,False,0.0,0.0,355.7590111159652,0.08444388260655766,0.021772149726483336,0.07005554972303196
2015-08-13,4.108379870717115,1.872729065752716,1.2563156474609192,1.0,0.0,True,0.0223422445159654,1.1171122257982724e-05,355.7813533604812,0.08656169702402927,0.020500319722126514,0.06831282044172204
2015-08-14,4.102869293257787,1.8795505492322933,1.2582509775184243,1.0,0.0,False,0.0,0.0,355.7813533604812,0.0851042898260077,0.02421752911412689,0.06995853576525368
2015-08-17,4.156340364169542,1.890051418922532,1.268726327977992,1.0,0.0,False,0.0,0.0,355.7813533604812,0.09924602437340924,0.0299397347829653,0.07886629013191593
2015-08-18,4.112270199012073,1.884576360834418,1.2622363831266097,1.0,1.1102230246251563e-16,False,0.0,0.0,355.7813533604812,0.08759058964038147,0.026956228716020325,0.073347540681725
2015-08-19,4.085112917954551,1.8696782961058145,1.2539245358791764,1.0,0.0,False,0.0,0.0,355.7813533604812,0.08040818141110795,0.018837873478836142,0.06627952955416117
2015-08-20,3.933665162659677,1.8306363947278184,1.2191978807487138,1.0,0.0,True,1.2000000000000002,0.0006,356.9813533604812,0.04035411260978394,-0.002437106211186868,0.03674958541797979
2015-08-21,3.784056322124665,1.7755303588574027,1.1659118245425266,1.0,0.0,False,0.0,0.0,356.9813533604812,0.0007863898633608812,-0.032465863842379594,-0.008562416474935275
2015-08-24,3.6376915592756767,1.7007675306731582,1.1210517962919313,1.0,0.0,False,0.0,0.0,356.9813533604812,-0.03792335707100836,-0.07320613506505425,-0.046709313237979555
2015-08-25,3.650777382914584,1.6807539693035454,1.116838876444974,0.9999999999999998,2.220446049250313e-16,False,0.0,0.0,356.9813533604812,-0.03446249045509675,-0.08411206168837992,-0.05029178575839599
2015-08-26,3.842326297563136,1.7452839973643288,1.1730848768952291,0.9999999999999996,3.3306690738754696e-16,False,0.0,0.0,356.9813533604812,0.01619731226838228,-0.04894791783437369,-0.0024627839458178924
2015-08-27,3.932335922620216,1.7884538744057228,1.2028020770159704,0.5028140422933883,0.4971859577066116,True,0.4999999999999998,0.0002499999999999,357.4813533604812,0.040002562519851015,-0.025423493437510714,0.02280735094487074
2015-08-28,3.917387886021571,1.7885435594446075,1.2025746569080464,0.5009168714978562,0.4990831285021437,False,0.0,0.0,357.4813533604812,0.03604918806936097,-0.025374621653262874,0.022613963385452518
2015-08-31,3.880905344082711,1.7740937556521152,1.1876590606244366,0.4962252288134195,0.5037747711865804,False,0.0,0.0,357.4813533604812,0.026400486165386594,-0.03324870747796993,0.00993042898347496
2015-09-01,3.8184701586899767,1.7211414747814402,1.1505412939122288,0.4879880893496906,0.5120119106503094,False,0.0,0.0,357.4813533604812,0.00988797195561908,-0.06210382621711341,-0.021632806040269514
2015-09-02,3.8485609127185088,1.753809825099344,1.1829905475149174,0.4919913583150177,0.5080086416849823,False,0.0,0.0,357.4813533604812,0.017846208971386446,-0.04430196552413834,0.0059605409880658655
2015-09-03,3.825201815995949,1.755066893968549,1.1771840866882235,0.4969054279261206,0.5030945720738794,True,0.016358719668397,8.179359834198541e-06,357.4977120801496,0.011668323631055744,-0.043616954965805976,0.0010229947948885432
2015-09-04,3.797631542231257,1.7285009042360135,1.1631793945372215,0.4932530317082775,0.5067469682917225,False,0.0,0.0,357.4977120801496,0.0043766893635672766,-0.05809347562838796,-0.010885948790660738
2015-09-08,3.8146424771043264,1.771939672135749,1.1959710020027077,0.4955128082735716,0.5044871917264284,False,0.0,0.0,357.4977120801496,0.00887564779615757,-0.034422525387543756,0.016998520155556918
2015-09-09,3.810369967985071,1.7482457390055977,1.182535236644872,0.4949471345607013,0.5050528654392987,False,0.0,0.0,357.4977120801496,0.007745678098794118,-0.04733398534028144,0.005573365646630801
2015-09-10,3.8143358766887294,1.7577589234599114,1.1954016986861824,0.4954722570511186,0.5045277429488815,False,0.0,0.0,357.4977120801496,0.008794559805669344,-0.04214999585950696,0.016514410900853926
2015-09-11,3.813251198905576,1.7657468052199308,1.2020053535915214,0.5005653759873401,0.4994346240126599,True,0.2042542054455436,0.0001021271027227,357.7019662855951,0.008507690195293627,-0.03779718474599658,0.02212985413074975
2015-09-14,3.805375744906189,1.75919503389026,1.1983616429302515,0.4995317659916968,0.5004682340083031,False,0.0,0.0,357.7019662855951,0.006424833465466628,-0.04136742075020361,0.019031410820517847
2015-09-15,3.837314657420352,1.7811841299900342,1.2124804216585734,0.5036972860412969,0.496302713958703,False,0.0,0.0,357.7019662855951,0.014871861265852049,-0.029384972241988327,0.031037368363855178
2015-09-16,3.858812606944669,1.7966209619851987,1.2193116849335142,0.5064622533460748,0.4935377466539252,False,0.0,0.0,357.7019662855951,0.020557520638338822,-0.020973028264266946,0.036846359242207694
2015-09-17,3.857550973457853,1.7925833283939374,1.2197669958035595,0.506300839082862,0.4936991609171379,False,0.0,0.0,357.7019662855951,0.020223850757365103,-0.023173243151809686,0.03723353458364276
2015-09-18,3.824925465932435,1.763289172341185,1.202418587976367,1.0,1.1102230246251563e-16,True,0.6974597550183232,0.0003487298775091,358.39942604061343,0.011595236087198257,-0.03913641484840957,0.022481249571911333
2015-09-21,3.835956506199932,1.7724009094785855,1.206185139383018,0.9999999999999998,2.220446049250313e-16,False,0.0,0.0,358.39942604061343,0.014512664905896866,-0.03417118478284009,0.025684150980256115
2015-09-22,3.782907725141071,1.749395547196429,1.1881516473068727,1.0,0.0,False,0.0,0.0,358.39942604061343,0.000482615254643326,-0.04670742400376959,0.010349301954681422
2015-09-23,3.78308383911237,1.746598556643075,1.1890646223179466,1.0,0.0,False,0.0,0.0,358.39942604061343,0.0005291929084985103,-0.04823157920921595,0.011125653750541531
2015-09-24,3.835086850060514,1.7402836458007156,1.1847275438938576,1.0,0.0,False,0.0,0.0,358.39942604061343,0.01428266303644743,-0.05167274357810148,0.007437602508737928
2015-09-25,3.822438726195928,1.7398325924732838,1.1746835950711327,0.4955250993224408,0.5044749006775592,True,0.4999999999999999,0.0002499999999999,358.89942604061343,0.010937556847891328,-0.05191853463953877,-0.0011033078244762073
2015-09-28,3.7889990107620295,1.6961679693932064,1.1412421082906183,0.4910728687796811,0.508927131220319,False,0.0,0.0,358.89942604061343,0.002093604951224348,-0.07571255942862654,-0.02954040413419745
2015-09-29,3.782336448267888,1.697160418120207,1.135306970606504,0.4901763967542289,0.509823603245771,False,0.0,0.0,358.89942604061343,0.00033152709134554037,-0.07517174748645439,-0.034587371185702986
2015-09-30,3.8179134270502297,1.7288259714373928,1.1614439042517102,0.4949271549529094,0.5050728450470905,False,0.0,0.0,358.89942604061343,0.009740730635608097,-0.057916337787679906,-0.01236172959901971
2015-10-01,3.833439989824357,1.7333368332283376,1.1666942400793916,0.496972848965323,0.503027151034677,False,0.0,0.0,358.89942604061343,0.01384711050497045,-0.05545824815578149,-0.007897086427797073
2015-10-02,3.923178708193528,1.759229199619359,1.1871243033259606,1.0,1.1102230246251563e-16,True,0.7063575894044474,0.0003531787947022,359.60578363001787,0.037580712846603026,-0.04134880292763299,0.00947569606747467
2015-10-05,4.01673118071455,1.7905348629728146,1.2041304514211952,0.9999999999999998,2.220446049250313e-16,False,0.0,0.0,359.60578363001787,0.06232295589665782,-0.024289506927186788,0.0239369392058435
2015-10-06,4.014965351951794,1.784399157949912,1.1984240516767557,1.0,1.1102230246251563e-16,False,0.0,0.0,359.60578363001787,0.06185593922402988,-0.02763301723633871,0.019084480337030696
2015-10-07,4.025914014804098,1.799014698380197,1.2056144241039033,1.0,0.0,False,0.0,0.0,359.60578363001787,0.06475158131733671,-0.019668617070411676,0.025198841057759713
2015-10-08,4.082237548216452,1.815253932234249,1.2104083194914663,1.0,0.0,False,0.0,0.0,359.60578363001787,0.07964771944787308,-0.010819422788567401,0.029275348353311248
2015-10-09,4.072725901100733,1.8163359017418208,1.2158867343429458,1.0,0.0,True,0.4358208403698175,0.0002179104201849,360.0416044703877,0.07713213136771202,-0.010229828570910038,0.03393393939558842
2015-10-12,4.083216878921718,1.818050265754351,1.2188541149233243,1.0,0.0,False,0.0,0.0,360.0416044703877,0.07990672744288485,-0.009295625618170655,0.036457262832301884
2015-10-13,4.094547162594535,1.806593412682593,1.2109787523780629,1.0,0.0,False,0.0,0.0,360.0416044703877,0.0829032985104845,-0.015538772283937186,0.029760418142248835
2015-10-14,4.092472273775292,1.7979327288726246,1.209038527516917,1.0,0.0,False,0.0,0.0,360.0416044703877,0.08235454333508274,-0.02025821128806926,0.02811054050370232
2015-10-15,4.139883119295578,1.8255388022429235,1.2288981578768898,1.0,0.0,False,0.0,0.0,360.0416044703877,0.09489350282445286,-0.005214921142231099,0.04499825321003681
2015-10-16,4.096864909255427,1.833838774797597,1.234034124734733,1.0,0.0,True,0.8176935553145139,0.0004088467776572,360.85929802570223,0.08351628339123529,-0.0006920433802389825,0.04936564228991247
2015-10-19,4.066739946497092,1.8347402244192088,1.241110598846243,1.0,0.0,False,0.0,0.0,360.85929802570223,0.07554899903888357,-0.0002008192924137786,0.05538314914189568
2015-10-20,4.100554933267131,1.8323951084848515,1.23471892659117,1.0,0.0,False,0.0,0.0,360.85929802570223,0.08449220063316187,-0.0014787358926108274,0.0499479661701987
2015-10-21,4.101621731395869,1.821027940451979,1.2271860120395433,1.0,1.1102230246251563e-16,False,0.0,0.0,360.85929802570223,0.08477434153094143,-0.007673010774129407,0.043542323442545605
2015-10-22,4.173298629060643,1.85179187988924,1.2521817033881957,0.9999999999999996,4.440892098500626e-16,False,0.0,0.0,360.85929802570223,0.10373105293904694,0.009091085328057469,0.06479750527327277
2015-10-23,4.159080345610096,1.872090265173553,1.2872212494287354,1.0,0.0,True,0.4038530497194872,0.0002019265248597,361.2631510754217,0.09997067958484251,0.02015222014531326,0.09459351739269595
2015-10-26,4.150192171761076,1.867488897052158,1.2880204202550165,1.0,0.0,False,0.0,0.0,361.2631510754217,0.09761998428286445,0.01764481118535488,0.09527309536433437
2015-10-27,4.176413217415603,1.863881291724268,1.2906452587109076,1.0,0.0,False,0.0,0.0,361.2631510754217,0.10455478212548797,0.015678930237667865,0.0975051367941171
2015-10-28,4.21562767256003,1.8850821121800707,1.301374009390077,1.0,0.0,False,0.0,0.0,361.2631510754217,0.11492600539851128,0.027231826195323272,0.1066283710076239
2015-10-29,4.197182826548778,1.8839993213809327,1.2993196038207662,1.0,0.0,False,0.0,0.0,361.2631510754217,0.11004781403987351,0.026641784433853344,0.104881399366765
2015-10-30,4.204217360178767,1.8758793759372816,1.2934989292373325,1.0,0.0,True,0.4081812261393585,0.0002040906130696,361.67133230156105,0.11190826877855353,0.022217008275406958,0.09993176645112856
2015-11-02,4.232181675248529,1.898072645120085,1.3081081296387784,1.0,0.0,False,0.0,0.0,361.67133230156105,0.11930411692173215,0.03431071617523429,0.11235475594171573
2015-11-03,4.238531623127112,1.9035759556380305,1.3126736636100278,1.0,0.0,False,0.0,0.0,361.67133230156105,0.12098351618861725,0.03730961774930486,0.11623707523265625
2015-11-04,4.2130156773286815,1.8978019474203005,1.312787844318194,1.0,0.0,False,0.0,0.0,361.67133230156105,0.11423519927529435,0.034163205734866864,0.11633416923496953
2015-11-05,4.178474199832511,1.895907392038436,1.3092493719353324,1.0,0.0,False,0.0,0.0,361.67133230156105,0.10509985941213662,0.033130811669819904,0.11332521569767184
2015-11-06,4.2031888277736,1.894915600344688,1.3101625352080892,1.0,1.1102230246251563e-16,True,0.4299061851796265,0.0002149530925898,362.1012384867407,0.11163624818874207,0.03259035776269781,0.11410172758257464
2015-11-09,4.169802963931319,1.8772333572111424,1.296238419055591,1.0,0.0,False,0.0,0.0,362.1012384867407,0.10280653866464462,0.022954829003531074,0.10226130210582651
2015-11-10,4.117871049850788,1.881563206341188,1.2929284963507273,1.0,1.1102230246251563e-16,False,0.0,0.0,362.1012384867407,0.08907187184494769,0.025314279979310017,0.09944669666218386
2015-11-11,4.074178718143656,1.8741651761830649,1.2913304370907006,0.9999999999999998,2.220446049250313e-16,False,0.0,0.0,362.1012384867407,0.07751636442339316,0.021282894831430088,0.09808778085248071
2015-11-12,4.009977069160324,1.8480017835756333,1.2787754539968748,1.0,1.1102230246251563e-16,False,0.0,0.0,362.1012384867407,0.06053666564522375,0.007025760145389581,0.08741160291370309
2015-11-13,3.9906151406093526,1.8272528377388275,1.2536653936783906,1.0,0.0,True,0.0605466049486459,3.0273302474322973e-05,362.1617850916893,0.05541592934380457,-0.004280897207016521,0.06605916699163439
2015-11-16,4.041099149395858,1.8550394309950868,1.2716992622778882,1.0,0.0,False,0.0,0.0,362.1617850916893,0.06876766214013608,0.010860763068653911,0.08139433619528313
2015-11-17,3.973882325457135,1.853686271012791,1.272497680057445,1.0,1.1102230246251563e-16,False,0.0,0.0,362.1617850916893,0.05099052648430469,0.010123389884341805,0.08207327381075658
2015-11-18,4.036092086996729,1.8830967219511308,1.2969228443886718,1.0,0.0,False,0.0,0.0,362.1617850916893,0.06744342183405316,0.026149933784691992,0.10284330580803558
2015-11-19,3.988083866086929,1.881473028527364,1.2978361017922615,1.0,0.0,False,0.0,0.0,362.1617850916893,0.05474647178942349,0.02526513966877486,0.10361989773745228
2015-11-20,3.962888992223369,1.8883298275442308,1.3066243452177508,1.0,0.0,True,0.0216288703512119,1.0814435175605973e-05,362.1834139620405,0.04808307021435998,0.029001593444682117,0.11109301417884021
2015-11-23,3.939351651951525,1.886164574462582,1.3028581703344606,1.0,0.0,False,0.0,0.0,362.1834139620405,0.04185804400110893,0.02782168893926773,0.10789043294857681
2015-11-24,3.97208241625852,1.8886905387995256,1.301716645645396,1.0,0.0,False,0.0,0.0,362.1834139620405,0.050514496405568377,0.029198154686822075,0.10691973305906788
2015-11-25,3.940475069563434,1.888420169616368,1.3028581703344606,1.0,0.0,False,0.0,0.0,362.1834139620405,0.042155159308182366,0.029050823263979897,0.10789043294857681
2015-11-27,3.941900262515615,1.890585422698016,1.3046842144874513,1.0,0.0,False,0.0,0.0,362.1834139620405,0.04253208649637785,0.030230727769393617,0.10944321658481915
2015-11-30,3.9359612668125066,1.8827366677290875,1.301374009390077,1.0,0.0,True,1.2075194360735098,0.0006037597180367,363.390933398114,0.04096137359911567,0.02595373057760142,0.1066283710076239
2015-12-01,3.9933234455254953,1.9006887872708524,1.3143854329240197,1.0,0.0,False,0.0,0.0,363.390933398114,0.05613220692239884,0.03573632223332357,0.11769268482207118
2015-12-02,3.932133132809192,1.8812925086414032,1.306281991354955,1.0,1.1102230246251563e-16,False,0.0,0.0,363.390933398114,0.03994892978672038,0.02516676953894237,0.11080189226095927
2015-12-03,3.9017664655435538,1.854949417439576,1.284139688140204,1.0,1.1102230246251563e-16,False,0.0,0.0,363.390933398114,0.03191772075653976,0.01081171226688138,0.0919730999536803
2015-12-04,3.910859588429743,1.8911263253226456,1.3141570715076996,0.9999999999999998,2.220446049250313e-16,False,0.0,0.0,363.390933398114,0.03432261985189555,0.030525480123841264,0.11749849681745461
2015-12-07,3.866819823016548,1.879668158184384,1.3082222162160997,1.0,0.0,True,0.7999999999999998,0.0003999999999999,364.190933398114,0.02267522507592301,0.02428161738797563,0.1124517698995049
2015-12-08,3.827539862905891,1.8670380079830395,1.3083366793167766,1.0,0.0,False,0.0,0.0,364.190933398114,0.012286677409949265,0.01739910963268021,0.11254910403537077
2015-12-09,3.829439189348861,1.852513630916456,1.2884770489568114,1.0,0.0,False,0.0,0.0,364.190933398114,0.012789000814312557,0.00948438682986219,0.09566139132904294
2015-12-10,3.8925237321946753,1.85729486189056,1.294297535278567,1.0,0.0,False,0.0,0.0,364.190933398114,0.029473253509419095,0.012089807884603676,0.10061086415564047
2015-12-11,3.800487286932165,1.821298966668389,1.2645082309348683,1.0,0.0,False,0.0,0.0,364.190933398114,0.005131961004975594,-0.007525321316237399,0.07527941516291947
2015-12-14,3.801045976589113,1.8305002245863613,1.2740955510557936,1.0,0.0,True,1.2,0.0006,365.390933398114,0.005279720170599633,-0.002511308975182369,0.08343202953142104
2015-12-15,3.864422881978813,1.849716476104789,1.2818568270237405,1.0,1.1102230246251563e-16,False,0.0,0.0,365.390933398114,0.022041295302244857,0.007960142115653435,0.09003186026369092
2015-12-16,3.871732602414362,1.8767821396253968,1.3009176630807928,1.0,1.1102230246251563e-16,False,0.0,0.0,365.390933398114,0.023974529932720978,0.022708948433330933,0.10624031517646815
2015-12-17,3.793816100428452,1.8481827962365327,1.2819711959935722,1.0,0.0,False,0.0,0.0,365.390933398114,0.003367602314508833,0.0071243988015088355,0.09012911435503246
2015-12-18,3.742799654809831,1.815257381658821,1.2573797966000282,1.0,0.0,False,0.0,0.0,365.390933398114,-0.010124946444821648,-0.01081754310455818,0.06921772373610491
2015-12-21,3.7690765992330832,1.8302321550195848,1.271346930546123,0.5011797693974896,0.4988202306025103,True,0.7000000000000001,0.00035,366.090933398114,-0.0031753648034941184,-0.002657387275351919,0.08109472955832531
2015-12-22,3.777804475428187,1.8468396560113285,1.2797041488581324,0.5023321956928759,0.4976678043071241,False,0.0,0.0,366.090933398114,-0.0008670641427978021,0.006392485651700586,0.08820132214434806
2015-12-23,3.8104918886659256,1.8697096694435928,1.289206374700268,0.5066013225273647,0.4933986774726353,False,0.0,0.0,366.090933398114,0.00777792300945479,0.018854969652446707,0.09628157626710965
2015-12-24,3.8144558317560695,1.866623912776027,1.288977448498914,0.507114057335295,0.492885942664705,False,0.0,0.0,366.090933398114,0.008826284861685796,0.01717345804277337,0.09608690799537745
2015-12-28,3.805600029143653,1.86235910993792,1.2882904816331744,0.505967089554854,0.4940329104451459,False,0.0,0.0,366.090933398114,0.006484150926203913,0.014849452536888519,0.09550274309114215
2015-12-29,3.81423850342738,1.882233873033068,1.3085545922099258,1.0,0.0,True,0.6939662425614813,0.0003469831212807,366.78489964067546,0.008768807061418249,0.02567974425602082,0.11273440709830829
2015-12-30,3.808507925662681,1.8688929771114764,1.296762163045861,1.0,0.0,False,0.0,0.0,366.78489964067546,0.007253215393442147,0.018409932085998282,0.102706669813031
2015-12-31,3.7853952971560094,1.850198245736748,1.280620041925226,1.0,0.0,False,0.0,0.0,366.78489964067546,0.0011405146103689034,0.008222671315652352,0.08898015532031556
